{"cameraMode":{"drawMode":0,"name":"Shaded","section":"Shading Mode"},"sceneLighting":true,"audioPlay":false,"sceneViewState":{"showFog":true,"showMaterialUpdate":true,"showSkybox":true,"showFlares":true,"showImageEffects":true,"showParticleSystems":true},"in2DMode":false,"pivot":{"x":-0.1220703125,"y":-0.2314453125,"z":2.0698699951171877},"rotation":{"x":-0.0022382233291864397,"y":-0.9193564653396606,"z":0.393473744392395,"w":-0.005247725173830986},"size":5.492923259735107,"orthographic":true}